{
  "project_info": {
    "project_number": "344655382646",
    "firebase_url": "https://chatsda-18823.firebaseio.com",
    "project_id": "chatsda-18823",
    "storage_bucket": "chatsda-18823.appspot.com"
  },
  "client": [
    {
      "client_info": {
        "mobilesdk_app_id": "1:344655382646:android:9d1b082b26affcc8",
        "android_client_info": {
          "package_name": "com.example.chris_coughlan.firechatapp"
        }
      },
      "oauth_client": [
        {
          "client_id": "344655382646-bmi607veseea6258gg5pjqvsele0t0ln.apps.googleusercontent.com",
          "client_type": 1,
          "android_info": {
            "package_name": "com.example.chris_coughlan.firechatapp",
            "certificate_hash": "22137ebba20ff70362141b57ad074253e405c2a2"
          }
        },
        {
          "client_id": "344655382646-joq9f8dmptmo7ecroddd8nik44eca67d.apps.googleusercontent.com",
          "client_type": 3
        }
      ],
      "api_key": [
        {
          "current_key": "AIzaSyC2NxGLkcpNNgwrIyiIQP5r0Vtms_jo7N8"
        }
      ],
      "services": {
        "analytics_service": {
          "status": 1
        },
        "appinvite_service": {
          "status": 2,
          "other_platform_oauth_client": [
            {
              "client_id": "344655382646-joq9f8dmptmo7ecroddd8nik44eca67d.apps.googleusercontent.com",
              "client_type": 3
            }
          ]
        },
        "ads_service": {
          "status": 2
        }
      }
    }
  ],
  "configuration_version": "1"
}